strain,nucleotide_mutations_list,HA1_mutations_list,HA2_mutations_list,nucleotide_mutations,HA1_protein_mutations,protein_mutations
A/Abu_Dhabi/6753/2023,"['A7G', 'G196A', 'G205A', 'A335G', 'C396A', 'A409G', 'T432C', 'T467A', 'C514A', 'A515G', 'A622T', 'A715G', 'T861C', 'C879T', 'T972C', 'A1020T', 'C1047T', 'A1164T', 'A1181G', 'T1275C', 'A1386G']","['E50K', 'D53N', 'N96S', 'K121E', 'I140K', 'H156S', 'I192F', 'I223V']",['N49S'],21,8,9
A/Bangkok/P3599/2023,"['A7G', 'G78A', 'G196A', 'G205A', 'A335G', 'C396A', 'T432C', 'T467A', 'C514A', 'A515G', 'A622T', 'A639C', 'A712C', 'A715G', 'T861C', 'C879T', 'T972C', 'A1020T', 'C1047T', 'A1181G', 'A1206G', 'T1329C', 'A1386G', 'T1425C', 'G1626A']","['E50K', 'D53N', 'N96S', 'I140K', 'H156S', 'I192F', 'Q197H', 'I223V']",['N49S'],25,8,9
A/Bangkok/P3755/2023,"['A7G', 'G196A', 'G205A', 'A288G', 'A335G', 'C396A', 'A412G', 'T432C', 'T467A', 'G479A', 'C514A', 'A515G', 'C597T', 'C600T', 'A622T', 'A715G', 'T861C', 'A874G', 'C879T', 'T972C', 'A1020T', 'C1047T', 'A1181G', 'A1386G']","['E50K', 'D53N', 'N96S', 'N122D', 'I140K', 'S144N', 'H156S', 'I192F', 'I223V', 'K276E']",['N49S'],24,10,11
A/Bhutan/0006/2023,"['T39A', 'G46A', 'G84A', 'T191C', 'A192G', 'G205A', 'A335G', 'T348C', 'T432C', 'C514A', 'A515G', 'A566G', 'A622T', 'C843T', 'A846C', 'T861C', 'C879T', 'A1181G', 'C1203T', 'G1407A', 'C1689T']","['I48T', 'D53N', 'N96S', 'H156S', 'Q173R', 'I192F']",['N49S'],21,6,7
A/Bhutan/0845/2023,"['A7G', 'A121G', 'G196A', 'G205A', 'A335G', 'C396A', 'T432C', 'T467A', 'C514A', 'A515G', 'C597T', 'A622T', 'C699T', 'A715G', 'T783C', 'T861C', 'C879T', 'T972C', 'A1020T', 'C1047T', 'G1087A', 'A1181G', 'A1386G']","['I25V', 'E50K', 'D53N', 'N96S', 'I140K', 'H156S', 'I192F', 'I223V']","['V18M', 'N49S']",23,8,10
A/Bhutan/FLU-BTG-00988/2022,"['G126A', 'T165G', 'G205A', 'G295A', 'A335G', 'T432C', 'A468G', 'C514A', 'A515G', 'A622T', 'T861C', 'C879T', 'G882A', 'T972C', 'A1181G', 'T1372G', 'A1482G', 'G1557A', 'C1653A']","['D53N', 'E83K', 'N96S', 'I140M', 'H156S', 'I192F']","['N49S', 'S113A', 'I149M']",19,6,9
A/Brisbane/429/2023,"['T30C', 'A206G', 'T270C', 'C316A', 'A359G', 'T467A', 'C514A', 'A515G', 'T663C', 'T689C', 'A875G', 'C879T', 'G944A', 'G957A', 'G1110A', 'G1323T']","['D53G', 'D104G', 'I140K', 'H156S', 'I214T', 'K276R', 'R299K']",[],16,7,7
A/Busan/1301/2023,"['A206G', 'C316A', 'G405A', 'C514A', 'A515G', 'G615A', 'A875G', 'C879T', 'G1125A', 'G1323T', 'A1500G']","['D53G', 'H156S', 'K276R']",[],11,3,3
A/California/81/2023,"['A7G', 'G196A', 'G205A', 'A258G', 'A289G', 'A335G', 'C396A', 'T432C', 'T467A', 'C514A', 'A515G', 'A622T', 'A715G', 'T861C', 'C879T', 'T972C', 'A1020T', 'C1047T', 'A1181G', 'T1275C', 'A1386G']","['E50K', 'D53N', 'N81D', 'N96S', 'I140K', 'H156S', 'I192F', 'I223V']",['N49S'],21,8,9
A/Catalonia/2041146NS/2023,"['C31A', 'A63G', 'G126A', 'G205A', 'A335G', 'T432C', 'A468G', 'C514A', 'A515G', 'A622T', 'T861C', 'C879T', 'T972C', 'A1181G']","['D53N', 'N96S', 'I140M', 'H156S', 'I192F']",['N49S'],14,5,6
A/Catalonia/NSVH102124476/2023,"['A7G', 'G196A', 'G205A', 'A335G', 'C396A', 'T432C', 'T467A', 'C514A', 'A515G', 'A622T', 'T861C', 'C879T', 'T972C', 'A1020T', 'C1047T', 'A1181G', 'T1275C', 'A1386G', 'C1543A']","['E50K', 'D53N', 'N96S', 'I140K', 'H156S', 'I192F']",['N49S'],19,6,7
A/Chipata/15-NIC-001/2023,"['A7G', 'G196A', 'G205A', 'A335G', 'C396A', 'T432C', 'A435G', 'T467A', 'C514A', 'A515G', 'A622T', 'T640C', 'A668G', 'A715G', 'T861C', 'C879T', 'T972C', 'A1020T', 'C1047T', 'A1181G', 'T1275C', 'A1386G']","['E50K', 'D53N', 'N96S', 'I140K', 'H156S', 'I192F', 'S198P', 'K207R', 'I223V']",['N49S'],22,9,10
A/EHIME/50/2023,"['T66C', 'C135T', 'G146A', 'G171A', 'G196A', 'T283G', 'T351A', 'T467A', 'T633C', 'T636C', 'T723C', 'C726T', 'G833A', 'A1251G', 'C1363T']","['R33Q', 'E50K', 'F79V', 'D101E', 'I140K', 'S262N']",[],15,6,6
A/Finland/391/2023,"['A206G', 'T270C', 'C316A', 'A359G', 'T467A', 'C514A', 'A515G', 'A875G', 'C879T', 'G944A', 'G1323T']","['D53G', 'D104G', 'I140K', 'H156S', 'K276R', 'R299K']",[],11,6,6
A/Finland/399/2023,"['G196A', 'G205A', 'A335G', 'C396A', 'T432C', 'C514A', 'A515G', 'T549C', 'A622T', 'C624T', 'T861C', 'C879T', 'C966T', 'T972C', 'A1020T', 'A1181G', 'G1191A', 'A1254G', 'G1404A', 'G1407A', 'G1545A']","['E50K', 'D53N', 'N96S', 'H156S', 'I192F']",['N49S'],21,5,6
A/Georgia/40/2023,"['A7G', 'G196A', 'G205A', 'A335G', 'C396A', 'T432C', 'G462A', 'T467A', 'C514A', 'A515G', 'A622T', 'A715G', 'A774G', 'T861C', 'C879T', 'T972C', 'A1020T', 'C1047T', 'A1181G', 'T1275C', 'A1386G']","['E50K', 'D53N', 'N96S', 'I140K', 'H156S', 'I192F', 'I223V', 'I242M']",['N49S'],21,8,9
A/Guangdong-Futian/1980/2023,"['A7G', 'G196A', 'G205A', 'A335G', 'C366A', 'G382A', 'C396A', 'T432C', 'A435G', 'T467A', 'C514A', 'A515G', 'A622T', 'A715G', 'T861C', 'C879T', 'T972C', 'A1020T', 'C1047T', 'A1181G', 'T1275C', 'A1386G', 'G1557A', 'G1561A']","['E50K', 'D53N', 'N96S', 'V112I', 'I140K', 'H156S', 'I192F', 'I223V']","['N49S', 'V176I']",24,8,10
A/Jeju/1047/2023,"['G196A', 'T283G', 'T467A', 'G540A', 'G609A', 'T633C', 'A672G', 'T723C', 'C726T', 'A1029G', 'A1251G']","['E50K', 'F79V', 'I140K']",[],11,3,3
A/KANAGAWA/AC2316/2023,"['A206G', 'T270C', 'C316A', 'A359G', 'C420A', 'T467A', 'T492C', 'C514A', 'A515G', 'T870A', 'A875G', 'C879T', 'C930T', 'G944A', 'G1323T']","['D53G', 'D104G', 'S124R', 'I140K', 'H156S', 'K276R', 'R299K']",[],15,7,7
A/KANAGAWA/IC2239/2023,"['A206G', 'T270C', 'C316A', 'A359G', 'T467A', 'C514A', 'A515G', 'A875G', 'C879T', 'G944A', 'A1025G', 'G1323T']","['D53G', 'D104G', 'I140K', 'H156S', 'K276R', 'R299K', 'K326R']",[],12,7,7
A/Krabi/THIS050/2023,"['A7G', 'A189G', 'G196A', 'G205A', 'A335G', 'C396A', 'G402A', 'G419A', 'T432C', 'T467A', 'G471A', 'G482A', 'C514A', 'A515G', 'A622T', 'A715G', 'A759G', 'T861C', 'C879T', 'T972C', 'C984T', 'A1020T', 'C1047T', 'A1181G', 'T1275C', 'A1386G', 'A1462G']","['E50K', 'D53N', 'N96S', 'S124N', 'I140K', 'S145N', 'H156S', 'I192F', 'I223V']","['N49S', 'K143E']",27,9,11
A/Luga/RII-11393S/2023,"['T66C', 'G196A', 'T283G', 'T408C', 'A451G', 'T467A', 'T633C', 'T636C', 'T723C', 'C726T', 'G833A', 'G854A', 'A1251G', 'T1620C']","['E50K', 'F79V', 'T135A', 'I140K', 'S262N', 'R269K']",[],14,6,6
A/Malaysia/IMR-SARI1989/2023,"['A7G', 'G196A', 'G205A', 'A335G', 'C396A', 'T432C', 'A435G', 'T467A', 'C514A', 'A515G', 'A622T', 'T640C', 'A715G', 'C843T', 'T861C', 'C879T', 'T972C', 'A1020T', 'C1047T', 'A1181G', 'A1206G', 'T1275C', 'A1386G']","['E50K', 'D53N', 'N96S', 'I140K', 'H156S', 'I192F', 'S198P', 'I223V']",['N49S'],23,8,9
A/Maldives/852/2023,"['A7G', 'C109A', 'G196A', 'G205A', 'A335G', 'C396A', 'T432C', 'A435G', 'T467A', 'C514A', 'A515G', 'A622T', 'A715G', 'T861C', 'C879T', 'T972C', 'A1020T', 'C1047T', 'A1181G', 'T1275C', 'A1386G']","['P21T', 'E50K', 'D53N', 'N96S', 'I140K', 'H156S', 'I192F', 'I223V']",['N49S'],21,8,9
A/Massachusetts/18/2022,"['A7G', 'G196A', 'G205A', 'A335G', 'C396A', 'G405A', 'T432C', 'T467A', 'C514A', 'A515G', 'A622T', 'A715G', 'T861C', 'C879T', 'T972C', 'A1020T', 'C1047T', 'A1181G', 'T1275C', 'A1386G']","['E50K', 'D53N', 'N96S', 'I140K', 'H156S', 'I192F', 'I223V']",['N49S'],20,7,8
A/Netherlands/01685/2023,"['A7G', 'G62A', 'G196A', 'G205A', 'A335G', 'C396A', 'T432C', 'T467A', 'C514A', 'A515G', 'A622T', 'A715G', 'G813A', 'T861C', 'C879T', 'T972C', 'C987T', 'A1020T', 'C1047T', 'A1181G', 'C1320T', 'A1386G', 'T1563C']","['G5E', 'E50K', 'D53N', 'N96S', 'I140K', 'H156S', 'I192F', 'I223V']",['N49S'],23,8,9
A/Netherlands/01693/2023,"['A7G', 'G196A', 'G205A', 'A288G', 'A335G', 'C396A', 'A412G', 'T432C', 'T467A', 'C514A', 'A515G', 'C597T', 'C600T', 'A622T', 'A715G', 'T861C', 'A874G', 'C879T', 'T972C', 'A1020T', 'A1028G', 'C1047T', 'A1181G', 'A1386G']","['E50K', 'D53N', 'N96S', 'N122D', 'I140K', 'H156S', 'I192F', 'I223V', 'K276E', 'Q327R']",['N49S'],24,10,11
A/Netherlands/01760/2023,"['A7G', 'G196A', 'G205A', 'A235G', 'A335G', 'C396A', 'T432C', 'T467A', 'T477C', 'C514A', 'A515G', 'A622T', 'A715G', 'G813A', 'T861C', 'C879T', 'T972C', 'C987T', 'A1020T', 'C1047T', 'G1087A', 'G1110A', 'A1181G', 'C1320T', 'A1386G', 'T1563C']","['E50K', 'D53N', 'N63D', 'N96S', 'I140K', 'H156S', 'I192F', 'I223V']","['V18M', 'N49S']",26,8,10
A/Oman/3011/2023,"['A7G', 'G196A', 'G205A', 'G281A', 'A335G', 'C396A', 'T432C', 'T467A', 'C514A', 'A515G', 'A622T', 'A715G', 'T861C', 'C879T', 'T972C', 'A1020T', 'C1047T', 'A1181G', 'T1275C', 'A1386G', 'C1543A']","['E50K', 'D53N', 'G78D', 'N96S', 'I140K', 'H156S', 'I192F', 'I223V']",['N49S'],21,8,9
A/Ontario/RV00796/2023,"['A7G', 'G196A', 'G205A', 'A288G', 'A335G', 'C396A', 'A412G', 'T432C', 'T467A', 'C514A', 'A515G', 'C597T', 'C600T', 'A622T', 'A715G', 'T861C', 'A874G', 'C879T', 'T972C', 'A1020T', 'C1047T', 'A1181G', 'A1386G']","['E50K', 'D53N', 'N96S', 'N122D', 'I140K', 'H156S', 'I192F', 'I223V', 'K276E']",['N49S'],23,9,10
A/Romania/543634/2022,"['T66C', 'G146A', 'G196A', 'T283G', 'T467A', 'T633C', 'T636C', 'T723C', 'C726T', 'T816C', 'C987T', 'A1251G', 'C1347T', 'C1363T']","['R33Q', 'E50K', 'F79V', 'I140K']",[],14,4,4
A/SENDAI/45/2023,"['G196A', 'T283G', 'T339C', 'T372G', 'A451G', 'T467A', 'T633C', 'T636C', 'T723C', 'C726T', 'T816G', 'G833A', 'A1041C', 'A1251G', 'G1524A', 'C1637T']","['E50K', 'F79V', 'T135A', 'I140K', 'S262N']",['A201V'],16,5,6
A/Saint-Petersburg/RII-MH144113/2023,"['G196A', 'G205A', 'C267T', 'T270C', 'A335G', 'A381G', 'C396A', 'T432C', 'T467A', 'C514A', 'A515G', 'A566G', 'A622T', 'A715G', 'A801G', 'T861C', 'A874G', 'C879T', 'T972C', 'A1017G', 'A1020T', 'G1125A', 'A1181G', 'G1188A', 'G1524A', 'G1671A']","['E50K', 'D53N', 'N96S', 'I140K', 'H156S', 'Q173R', 'I192F', 'I223V', 'K276E']",['N49S'],26,9,10
A/Samut_Songkhram/THIS061/2023,"['A7G', 'G78A', 'G196A', 'G205A', 'A335G', 'C396A', 'T432C', 'T467A', 'C514A', 'A515G', 'A622T', 'A639C', 'A712C', 'A715G', 'T861C', 'C879T', 'A946G', 'T972C', 'A1020T', 'C1047T', 'A1181G', 'T1329C', 'A1386G', 'T1425C', 'G1626A']","['E50K', 'D53N', 'N96S', 'I140K', 'H156S', 'I192F', 'Q197H', 'I223V', 'I300V']",['N49S'],25,9,10
A/Saskatchewan/SKFLU317847/2023,"['A7G', 'A130G', 'G196A', 'G205A', 'A335G', 'C396A', 'T432C', 'T467A', 'G482A', 'C514A', 'A515G', 'A622T', 'A715G', 'T861C', 'C879T', 'T972C', 'A1020T', 'C1047T', 'A1181G', 'T1275C', 'A1386G', 'C1593T']","['T28A', 'E50K', 'D53N', 'N96S', 'I140K', 'S145N', 'H156S', 'I192F', 'I223V']",['N49S'],22,9,10
A/Schleswig-Holstein/4/2023,"['T66C', 'G146A', 'G196A', 'T283G', 'T467A', 'T492C', 'T633C', 'T636C', 'T723C', 'C726T', 'G833A', 'A1251G', 'C1363T', 'A1584G']","['R33Q', 'E50K', 'F79V', 'I140K', 'S262N']",[],14,5,5
A/Solwezi/13-NIC-001/2023,"['A7G', 'G21A', 'C109A', 'G196A', 'G205A', 'T210C', 'A335G', 'C396A', 'A412G', 'T432C', 'T467A', 'C514A', 'A515G', 'C597T', 'C600T', 'A622T', 'A715G', 'T861C', 'C879T', 'T972C', 'A1020T', 'C1047T', 'C1170T', 'A1181G', 'A1386G']","['P21T', 'E50K', 'D53N', 'N96S', 'N122D', 'I140K', 'H156S', 'I192F', 'I223V']",['N49S'],25,9,10
A/SouthAfrica/PET28931/2023,"['A7G', 'G84T', 'G146A', 'G196A', 'G205A', 'A335G', 'C396A', 'T432C', 'T467A', 'C514A', 'A515G', 'A622T', 'A715G', 'T861C', 'C879T', 'T972C', 'A1017C', 'A1020T', 'C1047T', 'A1181G', 'T1275C', 'A1386G']","['R33Q', 'E50K', 'D53N', 'N96S', 'I140K', 'H156S', 'I192F', 'I223V']",['N49S'],22,8,9
A/SouthSudan/631/2023,"['G205A', 'C303T', 'A335G', 'T432C', 'C514A', 'A515G', 'A622T', 'T861C', 'A874G', 'C879T', 'T972C', 'T1113C', 'A1181G', 'G1545A']","['D53N', 'N96S', 'H156S', 'I192F', 'K276E']",['N49S'],14,5,6
A/SouthSudan/642/2023,"['G205A', 'C303T', 'A335G', 'T360C', 'T432C', 'C514A', 'A515G', 'A622T', 'A768G', 'T861C', 'A874G', 'C879T', 'G882T', 'C914T', 'T972C', 'T1113C', 'A1181G', 'A1242G', 'G1356A', 'G1545A']","['D53N', 'N96S', 'H156S', 'I192F', 'K276E', 'K278N', 'P289L']",['N49S'],20,7,8
A/South_Africa/K056872/2023,"['A7G', 'G84T', 'A147G', 'G196A', 'G205A', 'A335G', 'C396A', 'G405A', 'C431T', 'T432C', 'T467A', 'C514A', 'A515G', 'A519G', 'A622T', 'A715G', 'T861C', 'C879T', 'T972C', 'A1017C', 'A1020T', 'C1047T', 'A1181G', 'T1275C', 'A1386G', 'A1500G']","['E50K', 'D53N', 'N96S', 'T128I', 'I140K', 'H156S', 'I192F', 'I223V']",['N49S'],26,8,9
A/South_Africa/KO56863/2023,"['A7G', 'G84T', 'C91A', 'G196A', 'G205A', 'A335G', 'C396A', 'T432C', 'T467A', 'C514A', 'A515G', 'A622T', 'A715G', 'T861C', 'C879T', 'T972C', 'A1017C', 'A1020T', 'C1047T', 'A1181G', 'T1275C', 'G1341A', 'A1386G', 'T1473C']","['L15I', 'E50K', 'D53N', 'N96S', 'I140K', 'H156S', 'I192F', 'I223V']",['N49S'],24,8,9
A/South_Africa/R05384/2023,"['G96A', 'G196A', 'T259C', 'T283G', 'C333T', 'G462T', 'T467A', 'A566T', 'T633C', 'G682A', 'T723C', 'C726T', 'A774G', 'G978A', 'T1071C', 'A1251G', 'G1518A', 'T1635C']","['E50K', 'F79V', 'I140K', 'Q173L', 'A212T', 'I242M']",[],18,6,6
A/South_Africa/R05510/2023,"['A7G', 'G84T', 'G196A', 'G205A', 'A335G', 'C396A', 'T432C', 'T467A', 'C514A', 'A515G', 'A622T', 'A715G', 'T861C', 'C879T', 'G944A', 'T972C', 'A1017C', 'A1020T', 'C1047T', 'A1181G', 'T1275C', 'G1323A', 'A1386G']","['E50K', 'D53N', 'N96S', 'I140K', 'H156S', 'I192F', 'I223V', 'R299K']",['N49S'],23,8,9
A/South_Africa/R06240/2023,"['A7G', 'C77T', 'G84T', 'G196A', 'G205A', 'A335G', 'C396A', 'T432C', 'T467A', 'C514A', 'A515G', 'A622T', 'A715G', 'T861C', 'C879T', 'T972C', 'A1017C', 'A1020T', 'C1047T', 'A1181G', 'A1386G']","['T10M', 'E50K', 'D53N', 'N96S', 'I140K', 'H156S', 'I192F', 'I223V']",['N49S'],21,8,9
A/South_Africa/R06359/2023,"['A206G', 'T210C', 'T270C', 'C316A', 'A359G', 'T467A', 'C514A', 'A515G', 'G871A', 'A875G', 'C879T', 'G944A', 'C1245T', 'G1323T']","['D53G', 'D104G', 'I140K', 'H156S', 'G275S', 'K276R', 'R299K']",[],14,7,7
A/South_Africa/R06477/2023,"['A7G', 'G62T', 'G84T', 'G196A', 'G205A', 'A335G', 'C396A', 'T432C', 'T467A', 'C514A', 'A515G', 'A622T', 'A715G', 'T861C', 'C879T', 'T972C', 'A1017C', 'A1020T', 'C1047T', 'A1181G', 'T1275C', 'A1386G']","['G5V', 'E50K', 'D53N', 'N96S', 'I140K', 'H156S', 'I192F', 'I223V']",['N49S'],22,8,9
A/South_Africa/R06506/2023,"['G196A', 'T259C', 'T283G', 'A289G', 'C333T', 'G462T', 'T467A', 'T633C', 'T723C', 'C726T', 'A774G', 'G978A', 'T1071C', 'A1251G', 'G1518A', 'G1557A', 'T1635C']","['E50K', 'F79V', 'N81D', 'I140K', 'I242M']",[],17,5,5
A/South_Africa/R07073/2023,"['G196A', 'G205A', 'G234A', 'T259C', 'T283G', 'C333T', 'C342T', 'G462T', 'T467A', 'T633C', 'T723C', 'C726T', 'A774G', 'G978A', 'T1071C', 'A1152G', 'A1251G', 'G1404A', 'G1518A', 'T1635C']","['E50K', 'D53N', 'F79V', 'I140K', 'I242M']",[],20,5,5
A/South_Africa/R07188/2023,"['A7G', 'G84T', 'G196A', 'G205A', 'A335G', 'C396A', 'G419A', 'T432C', 'T467A', 'C514A', 'A515G', 'A622T', 'A715G', 'T861C', 'C879T', 'T972C', 'A1017C', 'A1020T', 'C1047T', 'A1181G', 'T1275C', 'A1386G']","['E50K', 'D53N', 'N96S', 'S124N', 'I140K', 'H156S', 'I192F', 'I223V']",['N49S'],22,8,9
A/South_Dakota/22/2023,"['G196A', 'T283G', 'T351A', 'T467A', 'G540A', 'G609A', 'T633C', 'A672G', 'T723C', 'C726T', 'A1029G', 'A1251G']","['E50K', 'F79V', 'D101E', 'I140K']",[],12,4,4
A/Surat_Thani/P152/2023,"['A68G', 'G196A', 'T283G', 'T467A', 'C516T', 'G540A', 'G609A', 'T633C', 'A672G', 'T723C', 'C726T', 'A1251G', 'C1509T']","['D7G', 'E50K', 'F79V', 'I140K']",[],13,4,4
A/Sydney/332/2023,"['A7G', 'G196A', 'G205A', 'A335G', 'C396G', 'A412G', 'T432C', 'T467A', 'C514A', 'A515G', 'C597T', 'C600T', 'A622T', 'A715G', 'T861C', 'C879T', 'T972C', 'A1020T', 'C1047T', 'A1181G', 'A1386G']","['E50K', 'D53N', 'N96S', 'N122D', 'I140K', 'H156S', 'I192F', 'I223V']",['N49S'],21,8,9
A/Sydney/710/2023,"['A7G', 'G196A', 'G205A', 'A335G', 'C396A', 'T432C', 'A435G', 'T467A', 'G482A', 'C514A', 'A515G', 'A622T', 'A715G', 'T861C', 'C879T', 'T972C', 'A1020T', 'C1047T', 'G1080A', 'A1181G', 'T1275C', 'A1386G', 'C1475T', 'T1634C']","['E50K', 'D53N', 'N96S', 'I140K', 'S145N', 'H156S', 'I192F', 'I223V']","['N49S', 'A147V', 'I200T']",24,8,11
A/Sydney/715/2023,"['A7G', 'G196A', 'G205A', 'A335G', 'G358A', 'C366A', 'C396A', 'T432C', 'A435G', 'T467A', 'C514A', 'A515G', 'A622T', 'A715G', 'T861C', 'T972C', 'A1020T', 'C1047T', 'A1181G', 'T1275C', 'A1386G', 'G1557A', 'G1561A']","['E50K', 'D53N', 'N96S', 'D104N', 'I140K', 'H156S', 'I192F', 'I223V']","['N49S', 'V176I']",23,8,10
A/Sydney/749/2023,"['A7G', 'G196A', 'G205A', 'A335G', 'C365T', 'C396A', 'T432C', 'T467A', 'C514A', 'A515G', 'A622T', 'A715G', 'T861C', 'C879T', 'A939C', 'T972C', 'A1020T', 'C1047T', 'A1181G', 'T1275C', 'A1386G']","['E50K', 'D53N', 'N96S', 'A106V', 'I140K', 'H156S', 'I192F', 'I223V']",['N49S'],21,8,9
A/TECPAN/017FLU/2023,"['G196A', 'T283G', 'G375A', 'T467A', 'T633C', 'A648G', 'T723C', 'C726T', 'A774G', 'T1071C', 'G1087A', 'A1251G']","['E50K', 'F79V', 'I140K', 'I242M']",['V18M'],12,4,5
A/Thailand/8/2022,"['A7G', 'G196A', 'G205A', 'A335G', 'C396A', 'T432C', 'T467A', 'C514A', 'A515G', 'A622T', 'A715G', 'T861C', 'C879T', 'T972C', 'A1020T', 'C1047T', 'A1181G', 'A1386G', 'G1572A']","['E50K', 'D53N', 'N96S', 'I140K', 'H156S', 'I192F', 'I223V']",['N49S'],19,7,8
A/Townsville/68/2023,"['A7G', 'T72C', 'G196A', 'G205A', 'A335G', 'C396A', 'T432C', 'A435G', 'T467A', 'C514A', 'A515G', 'A622T', 'A715G', 'T861C', 'G872A', 'C879T', 'T972C', 'A1020T', 'C1047T', 'G1171A', 'A1181G', 'T1275C', 'A1386G']","['E50K', 'D53N', 'N96S', 'I140K', 'H156S', 'I192F', 'I223V', 'G275D']","['D46N', 'N49S']",23,8,10
A/Victoria/1033/2023,"['A7G', 'G196A', 'G205A', 'A335G', 'C396A', 'T432C', 'T467A', 'C514A', 'A515G', 'A622T', 'A715G', 'T861C', 'C879T', 'A880G', 'T972C', 'A1020T', 'C1047T', 'A1181G', 'T1275C', 'A1386G']","['E50K', 'D53N', 'N96S', 'I140K', 'H156S', 'I192F', 'I223V', 'K278E']",['N49S'],20,8,9
A/Wisconsin/27/2023,"['A7G', 'G196A', 'G205A', 'A335G', 'C396A', 'T432C', 'A435G', 'T467A', 'C514A', 'A515G', 'A622T', 'A715G', 'T861C', 'C879T', 'T972C', 'G973A', 'A1020T', 'C1047T', 'A1181G', 'T1275C', 'A1386G']","['E50K', 'D53N', 'N96S', 'I140K', 'H156S', 'I192F', 'I223V', 'V309I']",['N49S'],21,8,9
A/YAMAGATA/98/2023,"['G62A', 'T66C', 'G196A', 'T283G', 'A451G', 'T467A', 'T633C', 'T636C', 'T723C', 'C726T', 'G833A', 'A1251G']","['G5E', 'E50K', 'F79V', 'T135A', 'I140K', 'S262N']",[],12,6,6
